Timestamp,Symbol,Price,Volume
2025-06-20 10:00:00.0,AXISBANK,913.3,285.0
2025-06-20 10:00:01.0,AXISBANK,835.22,692.0
2025-06-20 10:00:02.0,AXISBANK,967.48,990.0
2025-06-20 10:00:03.0,AXISBANK,931.45,239.0
2025-06-20 10:00:04.0,AXISBANK,835.9,637.0
2025-06-20 10:00:05.0,AXISBANK,981.55,910.0
2025-06-20 10:00:06.0,AXISBANK,825.25,121.0
2025-06-20 10:00:07.0,AXISBANK,883.13,538.0
2025-06-20 10:00:08.0,AXISBANK,817.37,805.0
2025-06-20 10:00:09.0,AXISBANK,906.62,177.0
2025-06-20 10:00:10.0,AXISBANK,856.56,636.0
2025-06-20 10:00:11.0,AXISBANK,811.9,353.0
2025-06-20 10:00:12.0,AXISBANK,905.01,214.0
2025-06-20 10:00:13.0,AXISBANK,910.58,568.0
2025-06-20 10:00:14.0,AXISBANK,908.9,596.0
2025-06-20 10:00:15.0,AXISBANK,817.38,635.0
2025-06-20 10:00:16.0,AXISBANK,906.78,380.0
2025-06-20 10:00:17.0,AXISBANK,920.18,162.0
2025-06-20 10:00:18.0,AXISBANK,910.01,199.0
2025-06-20 10:00:19.0,AXISBANK,863.78,484.0
2025-06-20 10:00:20.0,AXISBANK,879.8,984.0
2025-06-20 10:00:21.0,AXISBANK,981.34,849.0
2025-06-20 10:00:22.0,AXISBANK,841.12,555.0
2025-06-20 10:00:23.0,AXISBANK,844.38,341.0
2025-06-20 10:00:24.0,AXISBANK,903.92,184.0
2025-06-20 10:00:25.0,AXISBANK,828.91,184.0
2025-06-20 10:00:26.0,AXISBANK,896.77,261.0
2025-06-20 10:00:27.0,AXISBANK,980.67,581.0
2025-06-20 10:00:28.0,AXISBANK,980.5,942.0
2025-06-20 10:00:29.0,AXISBANK,834.56,134.0
2025-06-20 10:00:30.0,AXISBANK,878.91,606.0
2025-06-20 10:00:31.0,AXISBANK,946.47,230.0
2025-06-20 10:00:32.0,AXISBANK,942.29,511.0
2025-06-20 10:00:33.0,AXISBANK,876.7,554.0
2025-06-20 10:00:34.0,AXISBANK,808.04,283.0
2025-06-20 10:00:35.0,AXISBANK,965.55,937.0
2025-06-20 10:00:36.0,AXISBANK,830.04,699.0
2025-06-20 10:00:37.0,AXISBANK,979.81,391.0
2025-06-20 10:00:38.0,AXISBANK,897.32,235.0
2025-06-20 10:00:39.0,AXISBANK,988.15,211.0
2025-06-20 10:00:40.0,AXISBANK,896.46,710.0
2025-06-20 10:00:41.0,AXISBANK,880.12,496.0
2025-06-20 10:00:42.0,AXISBANK,879.22,753.0
2025-06-20 10:00:43.0,AXISBANK,865.56,635.0
2025-06-20 10:00:44.0,AXISBANK,956.55,745.0
2025-06-20 10:00:45.0,AXISBANK,978.51,674.0
2025-06-20 10:00:46.0,AXISBANK,809.51,1000.0
2025-06-20 10:00:47.0,AXISBANK,884.94,824.0
2025-06-20 10:00:48.0,AXISBANK,837.2,260.0
2025-06-20 10:00:49.0,AXISBANK,993.75,464.0
2025-06-20 10:00:50.0,AXISBANK,996.53,106.0
2025-06-20 10:00:51.0,AXISBANK,892.68,887.0
2025-06-20 10:00:52.0,AXISBANK,970.61,514.0
2025-06-20 10:00:53.0,AXISBANK,919.12,125.0
2025-06-20 10:00:54.0,AXISBANK,867.37,150.0
2025-06-20 10:00:55.0,AXISBANK,895.85,190.0
2025-06-20 10:00:56.0,AXISBANK,941.51,840.0
2025-06-20 10:00:57.0,AXISBANK,808.84,522.0
2025-06-20 10:00:58.0,AXISBANK,883.87,209.0
2025-06-20 10:00:59.0,AXISBANK,953.25,665.0
2025-06-20 10:01:00.0,AXISBANK,926.87,497.0
2025-06-20 10:01:01.0,AXISBANK,970.78,750.0
2025-06-20 10:01:02.0,AXISBANK,856.24,244.0
2025-06-20 10:01:03.0,AXISBANK,902.4,431.0
2025-06-20 10:01:04.0,AXISBANK,920.58,758.0
2025-06-20 10:01:05.0,AXISBANK,805.11,433.0
2025-06-20 10:01:06.0,AXISBANK,852.58,338.0
2025-06-20 10:01:07.0,AXISBANK,910.86,621.0
2025-06-20 10:01:08.0,AXISBANK,999.58,545.0
2025-06-20 10:01:09.0,AXISBANK,948.27,672.0
2025-06-20 10:01:10.0,AXISBANK,856.56,667.0
2025-06-20 10:01:11.0,AXISBANK,932.25,720.0
2025-06-20 10:01:12.0,AXISBANK,926.21,340.0
2025-06-20 10:01:13.0,AXISBANK,866.49,780.0
2025-06-20 10:01:14.0,AXISBANK,908.86,964.0
2025-06-20 10:01:15.0,AXISBANK,911.57,156.0
2025-06-20 10:01:16.0,AXISBANK,883.94,961.0
2025-06-20 10:01:17.0,AXISBANK,863.73,180.0
2025-06-20 10:01:18.0,AXISBANK,843.6,990.0
2025-06-20 10:01:19.0,AXISBANK,974.55,387.0
2025-06-20 10:01:20.0,AXISBANK,975.28,324.0
2025-06-20 10:01:21.0,AXISBANK,849.16,680.0
2025-06-20 10:01:22.0,AXISBANK,958.19,990.0
2025-06-20 10:01:23.0,AXISBANK,925.21,850.0
2025-06-20 10:01:24.0,AXISBANK,931.59,422.0
2025-06-20 10:01:25.0,AXISBANK,910.19,206.0
2025-06-20 10:01:26.0,AXISBANK,806.25,497.0
2025-06-20 10:01:27.0,AXISBANK,926.5,605.0
2025-06-20 10:01:28.0,AXISBANK,886.77,222.0
2025-06-20 10:01:29.0,AXISBANK,876.31,307.0
2025-06-20 10:01:30.0,AXISBANK,981.26,326.0
2025-06-20 10:01:31.0,AXISBANK,858.42,257.0
2025-06-20 10:01:32.0,AXISBANK,813.79,881.0
2025-06-20 10:01:33.0,AXISBANK,843.34,285.0
2025-06-20 10:01:34.0,AXISBANK,967.73,324.0
2025-06-20 10:01:35.0,AXISBANK,817.63,951.0
2025-06-20 10:01:36.0,AXISBANK,801.45,575.0
2025-06-20 10:01:37.0,AXISBANK,817.94,180.0
2025-06-20 10:01:38.0,AXISBANK,904.81,471.0
2025-06-20 10:01:39.0,AXISBANK,806.93,648.0
2025-06-20 10:01:40.0,AXISBANK,960.04,880.0
2025-06-20 10:01:41.0,AXISBANK,911.59,357.0
2025-06-20 10:01:42.0,AXISBANK,941.53,429.0
2025-06-20 10:01:43.0,AXISBANK,860.34,667.0
2025-06-20 10:01:44.0,AXISBANK,925.51,464.0
2025-06-20 10:01:45.0,AXISBANK,837.05,290.0
2025-06-20 10:01:46.0,AXISBANK,938.12,917.0
2025-06-20 10:01:47.0,AXISBANK,872.84,883.0
2025-06-20 10:01:48.0,AXISBANK,947.73,960.0
2025-06-20 10:01:49.0,AXISBANK,915.65,154.0
2025-06-20 10:01:50.0,AXISBANK,805.27,379.0
2025-06-20 10:01:51.0,AXISBANK,897.88,451.0
2025-06-20 10:01:52.0,AXISBANK,928.25,751.0
2025-06-20 10:01:53.0,AXISBANK,886.57,739.0
2025-06-20 10:01:54.0,AXISBANK,855.28,859.0
2025-06-20 10:01:55.0,AXISBANK,927.94,379.0
2025-06-20 10:01:56.0,AXISBANK,883.87,864.0
2025-06-20 10:01:57.0,AXISBANK,942.12,117.0
2025-06-20 10:01:58.0,AXISBANK,850.37,280.0
2025-06-20 10:01:59.0,AXISBANK,826.58,840.0
2025-06-20 10:02:00.0,AXISBANK,910.85,727.0
2025-06-20 10:02:01.0,AXISBANK,844.86,539.0
2025-06-20 10:02:02.0,AXISBANK,945.17,556.0
2025-06-20 10:02:03.0,AXISBANK,843.46,304.0
2025-06-20 10:02:04.0,AXISBANK,845.12,711.0
2025-06-20 10:02:05.0,AXISBANK,966.06,558.0
2025-06-20 10:02:06.0,AXISBANK,904.65,694.0
2025-06-20 10:02:07.0,AXISBANK,864.6,360.0
2025-06-20 10:02:08.0,AXISBANK,994.75,195.0
2025-06-20 10:02:09.0,AXISBANK,843.25,233.0
2025-06-20 10:02:10.0,AXISBANK,922.49,597.0
2025-06-20 10:02:11.0,AXISBANK,943.12,353.0
2025-06-20 10:02:12.0,AXISBANK,900.93,620.0
2025-06-20 10:02:13.0,AXISBANK,877.05,554.0
2025-06-20 10:02:14.0,AXISBANK,817.59,681.0
2025-06-20 10:02:15.0,AXISBANK,817.54,130.0
2025-06-20 10:02:16.0,AXISBANK,912.84,204.0
2025-06-20 10:02:17.0,AXISBANK,892.45,264.0
2025-06-20 10:02:18.0,AXISBANK,986.16,891.0
2025-06-20 10:02:19.0,AXISBANK,806.3,446.0
2025-06-20 10:02:20.0,AXISBANK,863.94,647.0
2025-06-20 10:02:21.0,AXISBANK,884.24,898.0
2025-06-20 10:02:22.0,AXISBANK,819.93,450.0
2025-06-20 10:02:23.0,AXISBANK,992.22,731.0
2025-06-20 10:02:24.0,AXISBANK,867.53,958.0
2025-06-20 10:02:25.0,AXISBANK,971.52,888.0
2025-06-20 10:02:26.0,AXISBANK,856.35,411.0
2025-06-20 10:02:27.0,AXISBANK,846.56,964.0
2025-06-20 10:02:28.0,AXISBANK,878.94,247.0
2025-06-20 10:02:29.0,AXISBANK,955.07,788.0
2025-06-20 10:02:30.0,AXISBANK,901.05,821.0
2025-06-20 10:02:31.0,AXISBANK,981.23,302.0
2025-06-20 10:02:32.0,AXISBANK,879.53,525.0
2025-06-20 10:02:33.0,AXISBANK,813.37,981.0
2025-06-20 10:02:34.0,AXISBANK,811.53,830.0
2025-06-20 10:02:35.0,AXISBANK,931.2,150.0
2025-06-20 10:02:36.0,AXISBANK,861.09,134.0
2025-06-20 10:02:37.0,AXISBANK,887.32,126.0
2025-06-20 10:02:38.0,AXISBANK,902.79,105.0
2025-06-20 10:02:39.0,AXISBANK,988.09,956.0
2025-06-20 10:02:40.0,AXISBANK,854.58,844.0
2025-06-20 10:02:41.0,AXISBANK,901.33,664.0
2025-06-20 10:02:42.0,AXISBANK,910.98,408.0
2025-06-20 10:02:43.0,AXISBANK,846.08,827.0
2025-06-20 10:02:44.0,AXISBANK,832.98,706.0
2025-06-20 10:02:45.0,AXISBANK,929.04,542.0
2025-06-20 10:02:46.0,AXISBANK,990.0,551.0
2025-06-20 10:02:47.0,AXISBANK,993.66,512.0
2025-06-20 10:02:48.0,AXISBANK,907.37,512.0
2025-06-20 10:02:49.0,AXISBANK,962.53,912.0
2025-06-20 10:02:50.0,AXISBANK,953.07,350.0
2025-06-20 10:02:51.0,AXISBANK,823.84,248.0
2025-06-20 10:02:52.0,AXISBANK,988.74,527.0
2025-06-20 10:02:53.0,AXISBANK,908.68,124.0
2025-06-20 10:02:54.0,AXISBANK,986.42,562.0
2025-06-20 10:02:55.0,AXISBANK,876.24,227.0
2025-06-20 10:02:56.0,AXISBANK,867.83,727.0
2025-06-20 10:02:57.0,AXISBANK,924.76,523.0
2025-06-20 10:02:58.0,AXISBANK,855.68,253.0
2025-06-20 10:02:59.0,AXISBANK,869.71,821.0
2025-06-20 10:03:00.0,AXISBANK,955.19,384.0
2025-06-20 10:03:01.0,AXISBANK,996.14,105.0
2025-06-20 10:03:02.0,AXISBANK,885.57,465.0
2025-06-20 10:03:03.0,AXISBANK,886.37,823.0
2025-06-20 10:03:04.0,AXISBANK,843.93,314.0
2025-06-20 10:03:05.0,AXISBANK,874.11,648.0
2025-06-20 10:03:06.0,AXISBANK,811.94,213.0
2025-06-20 10:03:07.0,AXISBANK,991.76,210.0
2025-06-20 10:03:08.0,AXISBANK,865.82,747.0
2025-06-20 10:03:09.0,AXISBANK,924.02,322.0
2025-06-20 10:03:10.0,AXISBANK,976.21,103.0
2025-06-20 10:03:11.0,AXISBANK,812.76,816.0
2025-06-20 10:03:12.0,AXISBANK,986.47,706.0
2025-06-20 10:03:13.0,AXISBANK,994.75,877.0
2025-06-20 10:03:14.0,AXISBANK,994.18,492.0
2025-06-20 10:03:15.0,AXISBANK,843.84,693.0
2025-06-20 10:03:16.0,AXISBANK,995.4,211.0
2025-06-20 10:03:17.0,AXISBANK,852.23,826.0
2025-06-20 10:03:18.0,AXISBANK,842.48,665.0
2025-06-20 10:03:19.0,AXISBANK,803.52,797.0
2025-06-20 10:03:20.0,AXISBANK,859.78,227.0
2025-06-20 10:03:21.0,AXISBANK,991.93,274.0
2025-06-20 10:03:22.0,AXISBANK,964.74,528.0
2025-06-20 10:03:23.0,AXISBANK,940.47,230.0
2025-06-20 10:03:24.0,AXISBANK,939.43,942.0
2025-06-20 10:03:25.0,AXISBANK,836.24,640.0
2025-06-20 10:03:26.0,AXISBANK,851.89,605.0
2025-06-20 10:03:27.0,AXISBANK,928.38,279.0
2025-06-20 10:03:28.0,AXISBANK,918.88,838.0
2025-06-20 10:03:29.0,AXISBANK,916.76,596.0
2025-06-20 10:03:30.0,AXISBANK,857.27,139.0
2025-06-20 10:03:31.0,AXISBANK,953.12,700.0
2025-06-20 10:03:32.0,AXISBANK,858.41,894.0
2025-06-20 10:03:33.0,AXISBANK,934.45,665.0
2025-06-20 10:03:34.0,AXISBANK,912.68,397.0
2025-06-20 10:03:35.0,AXISBANK,850.67,870.0
2025-06-20 10:03:36.0,AXISBANK,911.86,121.0
2025-06-20 10:03:37.0,AXISBANK,989.91,375.0
2025-06-20 10:03:38.0,AXISBANK,845.36,940.0
2025-06-20 10:03:39.0,AXISBANK,840.08,489.0
2025-06-20 10:03:40.0,AXISBANK,840.3,135.0
2025-06-20 10:03:41.0,AXISBANK,925.72,288.0
2025-06-20 10:03:42.0,AXISBANK,982.32,309.0
2025-06-20 10:03:43.0,AXISBANK,805.16,430.0
2025-06-20 10:03:44.0,AXISBANK,948.28,364.0
2025-06-20 10:03:45.0,AXISBANK,976.58,342.0
2025-06-20 10:03:46.0,AXISBANK,812.84,276.0
2025-06-20 10:03:47.0,AXISBANK,994.35,255.0
2025-06-20 10:03:48.0,AXISBANK,941.99,934.0
2025-06-20 10:03:49.0,AXISBANK,814.54,473.0
2025-06-20 10:03:50.0,AXISBANK,824.63,661.0
2025-06-20 10:03:51.0,AXISBANK,930.16,692.0
2025-06-20 10:03:52.0,AXISBANK,816.38,432.0
2025-06-20 10:03:53.0,AXISBANK,806.42,288.0
2025-06-20 10:03:54.0,AXISBANK,816.91,490.0
2025-06-20 10:03:55.0,AXISBANK,930.64,216.0
2025-06-20 10:03:56.0,AXISBANK,901.01,791.0
2025-06-20 10:03:57.0,AXISBANK,852.37,332.0
2025-06-20 10:03:58.0,AXISBANK,811.85,994.0
2025-06-20 10:03:59.0,AXISBANK,936.12,980.0
2025-06-20 10:04:00.0,AXISBANK,921.69,331.0
2025-06-20 10:04:01.0,AXISBANK,854.59,478.0
2025-06-20 10:04:02.0,AXISBANK,933.76,843.0
2025-06-20 10:04:03.0,AXISBANK,830.26,149.0
2025-06-20 10:04:04.0,AXISBANK,904.09,378.0
2025-06-20 10:04:05.0,AXISBANK,823.09,962.0
2025-06-20 10:04:06.0,AXISBANK,906.57,683.0
2025-06-20 10:04:07.0,AXISBANK,860.73,182.0
2025-06-20 10:04:08.0,AXISBANK,869.21,981.0
2025-06-20 10:04:09.0,AXISBANK,847.17,551.0
2025-06-20 10:04:10.0,AXISBANK,814.44,711.0
2025-06-20 10:04:11.0,AXISBANK,995.76,374.0
2025-06-20 10:04:12.0,AXISBANK,857.6,485.0
2025-06-20 10:04:13.0,AXISBANK,913.26,231.0
2025-06-20 10:04:14.0,AXISBANK,891.71,210.0
2025-06-20 10:04:15.0,AXISBANK,913.81,383.0
2025-06-20 10:04:16.0,AXISBANK,888.07,496.0
2025-06-20 10:04:17.0,AXISBANK,994.72,453.0
2025-06-20 10:04:18.0,AXISBANK,888.77,694.0
2025-06-20 10:04:19.0,AXISBANK,911.28,453.0
2025-06-20 10:04:20.0,AXISBANK,886.7,356.0
2025-06-20 10:04:21.0,AXISBANK,920.89,842.0
2025-06-20 10:04:22.0,AXISBANK,816.68,753.0
2025-06-20 10:04:23.0,AXISBANK,875.52,790.0
2025-06-20 10:04:24.0,AXISBANK,814.28,205.0
2025-06-20 10:04:25.0,AXISBANK,899.78,383.0
2025-06-20 10:04:26.0,AXISBANK,824.3,775.0
2025-06-20 10:04:27.0,AXISBANK,927.57,236.0
2025-06-20 10:04:28.0,AXISBANK,820.94,614.0
2025-06-20 10:04:29.0,AXISBANK,928.93,822.0
2025-06-20 10:04:30.0,AXISBANK,903.45,384.0
2025-06-20 10:04:31.0,AXISBANK,878.63,254.0
2025-06-20 10:04:32.0,AXISBANK,856.16,242.0
2025-06-20 10:04:33.0,AXISBANK,923.32,438.0
2025-06-20 10:04:34.0,AXISBANK,979.38,850.0
2025-06-20 10:04:35.0,AXISBANK,886.05,304.0
2025-06-20 10:04:36.0,AXISBANK,914.01,218.0
2025-06-20 10:04:37.0,AXISBANK,821.45,362.0
2025-06-20 10:04:38.0,AXISBANK,953.88,499.0
2025-06-20 10:04:39.0,AXISBANK,816.21,300.0
2025-06-20 10:04:40.0,AXISBANK,921.71,548.0
2025-06-20 10:04:41.0,AXISBANK,942.87,731.0
2025-06-20 10:04:42.0,AXISBANK,988.6,539.0
2025-06-20 10:04:43.0,AXISBANK,865.29,354.0
2025-06-20 10:04:44.0,AXISBANK,988.41,102.0
2025-06-20 10:04:45.0,AXISBANK,884.87,723.0
2025-06-20 10:04:46.0,AXISBANK,839.33,774.0
2025-06-20 10:04:47.0,AXISBANK,975.08,942.0
2025-06-20 10:04:48.0,AXISBANK,951.03,401.0
2025-06-20 10:04:49.0,AXISBANK,956.02,392.0
2025-06-20 10:04:50.0,AXISBANK,867.85,577.0
2025-06-20 10:04:51.0,AXISBANK,870.54,999.0
2025-06-20 10:04:52.0,AXISBANK,813.31,536.0
2025-06-20 10:04:53.0,AXISBANK,872.66,765.0
2025-06-20 10:04:54.0,AXISBANK,943.88,325.0
2025-06-20 10:04:55.0,AXISBANK,912.73,580.0
2025-06-20 10:04:56.0,AXISBANK,855.41,896.0
2025-06-20 10:04:57.0,AXISBANK,981.54,977.0
2025-06-20 10:04:58.0,AXISBANK,822.94,298.0
2025-06-20 10:04:59.0,AXISBANK,845.06,717.0
2025-06-20 10:05:00.0,AXISBANK,885.36,643.0
2025-06-20 10:05:01.0,AXISBANK,872.7,992.0
2025-06-20 10:05:02.0,AXISBANK,981.58,363.0
2025-06-20 10:05:03.0,AXISBANK,931.88,661.0
2025-06-20 10:05:04.0,AXISBANK,938.88,246.0
2025-06-20 10:05:05.0,AXISBANK,825.44,149.0
2025-06-20 10:05:06.0,AXISBANK,955.74,254.0
2025-06-20 10:05:07.0,AXISBANK,863.91,499.0
2025-06-20 10:05:08.0,AXISBANK,928.55,430.0
2025-06-20 10:05:09.0,AXISBANK,922.59,331.0
2025-06-20 10:05:10.0,AXISBANK,948.17,773.0
2025-06-20 10:05:11.0,AXISBANK,900.6,860.0
2025-06-20 10:05:12.0,AXISBANK,921.55,631.0
2025-06-20 10:05:13.0,AXISBANK,959.62,965.0
2025-06-20 10:05:14.0,AXISBANK,952.38,813.0
2025-06-20 10:05:15.0,AXISBANK,977.83,121.0
2025-06-20 10:05:16.0,AXISBANK,913.51,823.0
2025-06-20 10:05:17.0,AXISBANK,860.97,141.0
2025-06-20 10:05:18.0,AXISBANK,819.67,398.0
2025-06-20 10:05:19.0,AXISBANK,992.33,521.0
2025-06-20 10:05:20.0,AXISBANK,888.34,619.0
2025-06-20 10:05:21.0,AXISBANK,922.5,659.0
2025-06-20 10:05:22.0,AXISBANK,897.39,274.0
2025-06-20 10:05:23.0,AXISBANK,958.02,777.0
2025-06-20 10:05:24.0,AXISBANK,879.68,589.0
2025-06-20 10:05:25.0,AXISBANK,843.61,496.0
2025-06-20 10:05:26.0,AXISBANK,813.38,855.0
2025-06-20 10:05:27.0,AXISBANK,876.66,838.0
2025-06-20 10:05:28.0,AXISBANK,935.25,435.0
2025-06-20 10:05:29.0,AXISBANK,999.69,617.0
2025-06-20 10:05:30.0,AXISBANK,963.04,704.0
2025-06-20 10:05:31.0,AXISBANK,925.01,132.0
2025-06-20 10:05:32.0,AXISBANK,978.32,703.0
2025-06-20 10:05:33.0,AXISBANK,912.43,920.0
2025-06-20 10:05:34.0,AXISBANK,817.26,917.0
2025-06-20 10:05:35.0,AXISBANK,936.63,693.0
2025-06-20 10:05:36.0,AXISBANK,998.33,603.0
2025-06-20 10:05:37.0,AXISBANK,954.86,168.0
2025-06-20 10:05:38.0,AXISBANK,974.56,558.0
2025-06-20 10:05:39.0,AXISBANK,821.75,671.0
2025-06-20 10:05:40.0,AXISBANK,987.59,834.0
2025-06-20 10:05:41.0,AXISBANK,851.05,661.0
2025-06-20 10:05:42.0,AXISBANK,903.27,661.0
2025-06-20 10:05:43.0,AXISBANK,882.03,888.0
2025-06-20 10:05:44.0,AXISBANK,833.69,794.0
2025-06-20 10:05:45.0,AXISBANK,832.63,567.0
2025-06-20 10:05:46.0,AXISBANK,832.45,240.0
2025-06-20 10:05:47.0,AXISBANK,932.35,316.0
2025-06-20 10:05:48.0,AXISBANK,855.81,892.0
2025-06-20 10:05:49.0,AXISBANK,995.15,101.0
2025-06-20 10:05:50.0,AXISBANK,862.73,890.0
2025-06-20 10:05:51.0,AXISBANK,929.03,439.0
2025-06-20 10:05:52.0,AXISBANK,949.98,531.0
2025-06-20 10:05:53.0,AXISBANK,830.17,779.0
2025-06-20 10:05:54.0,AXISBANK,983.58,460.0
2025-06-20 10:05:55.0,AXISBANK,926.74,757.0
2025-06-20 10:05:56.0,AXISBANK,855.25,529.0
2025-06-20 10:05:57.0,AXISBANK,880.07,674.0
2025-06-20 10:05:58.0,AXISBANK,888.89,153.0
2025-06-20 10:05:59.0,AXISBANK,974.13,148.0
2025-06-20 10:06:00.0,AXISBANK,963.41,602.0
2025-06-20 10:06:01.0,AXISBANK,868.81,418.0
2025-06-20 10:06:02.0,AXISBANK,833.22,146.0
2025-06-20 10:06:03.0,AXISBANK,934.31,974.0
2025-06-20 10:06:04.0,AXISBANK,973.28,786.0
2025-06-20 10:06:05.0,AXISBANK,831.47,961.0
2025-06-20 10:06:06.0,AXISBANK,969.95,194.0
2025-06-20 10:06:07.0,AXISBANK,938.21,871.0
2025-06-20 10:06:08.0,AXISBANK,846.55,612.0
2025-06-20 10:06:09.0,AXISBANK,992.56,118.0
2025-06-20 10:06:10.0,AXISBANK,844.28,109.0
2025-06-20 10:06:11.0,AXISBANK,931.98,427.0
2025-06-20 10:06:12.0,AXISBANK,899.14,381.0
2025-06-20 10:06:13.0,AXISBANK,807.41,892.0
2025-06-20 10:06:14.0,AXISBANK,858.95,856.0
2025-06-20 10:06:15.0,AXISBANK,848.64,726.0
2025-06-20 10:06:16.0,AXISBANK,831.91,674.0
2025-06-20 10:06:17.0,AXISBANK,935.27,347.0
2025-06-20 10:06:18.0,AXISBANK,835.17,254.0
2025-06-20 10:06:19.0,AXISBANK,968.19,419.0
2025-06-20 10:06:20.0,AXISBANK,824.85,831.0
2025-06-20 10:06:21.0,AXISBANK,978.89,364.0
2025-06-20 10:06:22.0,AXISBANK,903.94,987.0
2025-06-20 10:06:23.0,AXISBANK,884.7,186.0
2025-06-20 10:06:24.0,AXISBANK,837.31,923.0
2025-06-20 10:06:25.0,AXISBANK,956.09,792.0
2025-06-20 10:06:26.0,AXISBANK,896.75,144.0
2025-06-20 10:06:27.0,AXISBANK,906.09,741.0
2025-06-20 10:06:28.0,AXISBANK,943.7,380.0
2025-06-20 10:06:29.0,AXISBANK,815.19,546.0
2025-06-20 10:06:30.0,AXISBANK,869.36,918.0
2025-06-20 10:06:31.0,AXISBANK,978.48,956.0
2025-06-20 10:06:32.0,AXISBANK,882.12,429.0
2025-06-20 10:06:33.0,AXISBANK,867.66,811.0
2025-06-20 10:06:34.0,AXISBANK,901.74,167.0
2025-06-20 10:06:35.0,AXISBANK,890.06,286.0
2025-06-20 10:06:36.0,AXISBANK,911.85,614.0
2025-06-20 10:06:37.0,AXISBANK,900.24,435.0
2025-06-20 10:06:38.0,AXISBANK,995.46,771.0
2025-06-20 10:06:39.0,AXISBANK,847.36,129.0
2025-06-20 10:06:40.0,AXISBANK,894.73,819.0
2025-06-20 10:06:41.0,AXISBANK,820.64,493.0
2025-06-20 10:06:42.0,AXISBANK,844.47,692.0
2025-06-20 10:06:43.0,AXISBANK,857.96,837.0
2025-06-20 10:06:44.0,AXISBANK,956.3,777.0
2025-06-20 10:06:45.0,AXISBANK,890.73,592.0
2025-06-20 10:06:46.0,AXISBANK,945.49,163.0
2025-06-20 10:06:47.0,AXISBANK,829.06,499.0
2025-06-20 10:06:48.0,AXISBANK,819.95,318.0
2025-06-20 10:06:49.0,AXISBANK,993.04,839.0
2025-06-20 10:06:50.0,AXISBANK,969.01,867.0
2025-06-20 10:06:51.0,AXISBANK,860.29,486.0
2025-06-20 10:06:52.0,AXISBANK,914.38,886.0
2025-06-20 10:06:53.0,AXISBANK,849.15,554.0
2025-06-20 10:06:54.0,AXISBANK,846.85,317.0
2025-06-20 10:06:55.0,AXISBANK,922.36,624.0
2025-06-20 10:06:56.0,AXISBANK,877.48,329.0
2025-06-20 10:06:57.0,AXISBANK,903.54,725.0
2025-06-20 10:06:58.0,AXISBANK,843.46,215.0
2025-06-20 10:06:59.0,AXISBANK,806.96,400.0
2025-06-20 10:07:00.0,AXISBANK,989.8,373.0
2025-06-20 10:07:01.0,AXISBANK,801.88,935.0
2025-06-20 10:07:02.0,AXISBANK,832.95,532.0
2025-06-20 10:07:03.0,AXISBANK,848.84,151.0
2025-06-20 10:07:04.0,AXISBANK,885.52,101.0
2025-06-20 10:07:05.0,AXISBANK,852.62,950.0
2025-06-20 10:07:06.0,AXISBANK,960.68,981.0
2025-06-20 10:07:07.0,AXISBANK,842.63,429.0
2025-06-20 10:07:08.0,AXISBANK,907.12,910.0
2025-06-20 10:07:09.0,AXISBANK,854.85,176.0
2025-06-20 10:07:10.0,AXISBANK,945.15,767.0
2025-06-20 10:07:11.0,AXISBANK,841.86,583.0
2025-06-20 10:07:12.0,AXISBANK,997.4,560.0
2025-06-20 10:07:13.0,AXISBANK,843.98,928.0
2025-06-20 10:07:14.0,AXISBANK,851.97,826.0
2025-06-20 10:07:15.0,AXISBANK,819.18,167.0
2025-06-20 10:07:16.0,AXISBANK,873.56,809.0
2025-06-20 10:07:17.0,AXISBANK,878.97,331.0
2025-06-20 10:07:18.0,AXISBANK,809.38,279.0
2025-06-20 10:07:19.0,AXISBANK,980.24,691.0
2025-06-20 10:07:20.0,AXISBANK,844.6,129.0
2025-06-20 10:07:21.0,AXISBANK,800.47,464.0
2025-06-20 10:07:22.0,AXISBANK,904.1,814.0
2025-06-20 10:07:23.0,AXISBANK,869.63,355.0
2025-06-20 10:07:24.0,AXISBANK,871.67,452.0
2025-06-20 10:07:25.0,AXISBANK,984.89,267.0
2025-06-20 10:07:26.0,AXISBANK,881.8,632.0
2025-06-20 10:07:27.0,AXISBANK,829.68,698.0
2025-06-20 10:07:28.0,AXISBANK,985.52,737.0
2025-06-20 10:07:29.0,AXISBANK,816.99,249.0
2025-06-20 10:07:30.0,AXISBANK,970.11,935.0
2025-06-20 10:07:31.0,AXISBANK,871.1,764.0
2025-06-20 10:07:32.0,AXISBANK,949.26,789.0
2025-06-20 10:07:33.0,AXISBANK,849.64,527.0
2025-06-20 10:07:34.0,AXISBANK,855.8,261.0
2025-06-20 10:07:35.0,AXISBANK,941.83,614.0
2025-06-20 10:07:36.0,AXISBANK,976.21,598.0
2025-06-20 10:07:37.0,AXISBANK,948.05,869.0
2025-06-20 10:07:38.0,AXISBANK,923.43,682.0
2025-06-20 10:07:39.0,AXISBANK,921.04,611.0
2025-06-20 10:07:40.0,AXISBANK,968.09,527.0
2025-06-20 10:07:41.0,AXISBANK,992.59,753.0
2025-06-20 10:07:42.0,AXISBANK,967.65,388.0
2025-06-20 10:07:43.0,AXISBANK,916.85,606.0
2025-06-20 10:07:44.0,AXISBANK,945.38,226.0
2025-06-20 10:07:45.0,AXISBANK,820.62,673.0
2025-06-20 10:07:46.0,AXISBANK,825.89,594.0
2025-06-20 10:07:47.0,AXISBANK,829.7,582.0
2025-06-20 10:07:48.0,AXISBANK,929.32,135.0
2025-06-20 10:07:49.0,AXISBANK,862.82,934.0
2025-06-20 10:07:50.0,AXISBANK,819.74,200.0
2025-06-20 10:07:51.0,AXISBANK,877.2,296.0
2025-06-20 10:07:52.0,AXISBANK,808.1,293.0
2025-06-20 10:07:53.0,AXISBANK,923.86,443.0
2025-06-20 10:07:54.0,AXISBANK,844.78,881.0
2025-06-20 10:07:55.0,AXISBANK,800.02,812.0
2025-06-20 10:07:56.0,AXISBANK,850.39,122.0
2025-06-20 10:07:57.0,AXISBANK,920.66,159.0
2025-06-20 10:07:58.0,AXISBANK,894.93,933.0
2025-06-20 10:07:59.0,AXISBANK,961.96,350.0
2025-06-20 10:08:00.0,AXISBANK,950.3,675.0
2025-06-20 10:08:01.0,AXISBANK,838.16,594.0
2025-06-20 10:08:02.0,AXISBANK,995.04,636.0
2025-06-20 10:08:03.0,AXISBANK,878.73,995.0
2025-06-20 10:08:04.0,AXISBANK,942.55,168.0
2025-06-20 10:08:05.0,AXISBANK,960.03,967.0
2025-06-20 10:08:06.0,AXISBANK,856.65,682.0
2025-06-20 10:08:07.0,AXISBANK,869.25,258.0
2025-06-20 10:08:08.0,AXISBANK,809.2,492.0
2025-06-20 10:08:09.0,AXISBANK,802.58,229.0
2025-06-20 10:08:10.0,AXISBANK,860.78,274.0
2025-06-20 10:08:11.0,AXISBANK,947.93,628.0
2025-06-20 10:08:12.0,AXISBANK,948.23,865.0
2025-06-20 10:08:13.0,AXISBANK,937.83,232.0
2025-06-20 10:08:14.0,AXISBANK,969.59,512.0
2025-06-20 10:08:15.0,AXISBANK,926.44,202.0
2025-06-20 10:08:16.0,AXISBANK,940.53,632.0
2025-06-20 10:08:17.0,AXISBANK,943.81,289.0
2025-06-20 10:08:18.0,AXISBANK,825.51,506.0
2025-06-20 10:08:19.0,AXISBANK,834.67,528.0
2025-06-20 10:08:20.0,AXISBANK,890.27,739.0
2025-06-20 10:08:21.0,AXISBANK,929.49,567.0
2025-06-20 10:08:22.0,AXISBANK,968.78,865.0
2025-06-20 10:08:23.0,AXISBANK,942.71,158.0
2025-06-20 10:08:24.0,AXISBANK,911.34,434.0
2025-06-20 10:08:25.0,AXISBANK,823.09,677.0
2025-06-20 10:08:26.0,AXISBANK,843.27,899.0
2025-06-20 10:08:27.0,AXISBANK,824.94,157.0
2025-06-20 10:08:28.0,AXISBANK,932.96,466.0
2025-06-20 10:08:29.0,AXISBANK,950.49,160.0
2025-06-20 10:08:30.0,AXISBANK,990.94,945.0
2025-06-20 10:08:31.0,AXISBANK,849.99,542.0
2025-06-20 10:08:32.0,AXISBANK,859.29,529.0
2025-06-20 10:08:33.0,AXISBANK,847.26,586.0
2025-06-20 10:08:34.0,AXISBANK,857.22,716.0
2025-06-20 10:08:35.0,AXISBANK,994.17,968.0
2025-06-20 10:08:36.0,AXISBANK,924.26,686.0
2025-06-20 10:08:37.0,AXISBANK,907.98,855.0
2025-06-20 10:08:38.0,AXISBANK,855.95,441.0
2025-06-20 10:08:39.0,AXISBANK,912.27,299.0
2025-06-20 10:08:40.0,AXISBANK,979.94,630.0
2025-06-20 10:08:41.0,AXISBANK,942.7,709.0
2025-06-20 10:08:42.0,AXISBANK,835.64,147.0
2025-06-20 10:08:43.0,AXISBANK,857.27,954.0
2025-06-20 10:08:44.0,AXISBANK,883.47,493.0
2025-06-20 10:08:45.0,AXISBANK,954.38,103.0
2025-06-20 10:08:46.0,AXISBANK,912.4,637.0
2025-06-20 10:08:47.0,AXISBANK,884.39,303.0
2025-06-20 10:08:48.0,AXISBANK,918.11,707.0
2025-06-20 10:08:49.0,AXISBANK,989.96,733.0
2025-06-20 10:08:50.0,AXISBANK,891.01,848.0
2025-06-20 10:08:51.0,AXISBANK,869.76,875.0
2025-06-20 10:08:52.0,AXISBANK,938.01,740.0
2025-06-20 10:08:53.0,AXISBANK,948.73,973.0
2025-06-20 10:08:54.0,AXISBANK,996.73,177.0
2025-06-20 10:08:55.0,AXISBANK,958.1,411.0
2025-06-20 10:08:56.0,AXISBANK,867.6,467.0
2025-06-20 10:08:57.0,AXISBANK,854.76,437.0
2025-06-20 10:08:58.0,AXISBANK,925.77,390.0
2025-06-20 10:08:59.0,AXISBANK,819.62,667.0
2025-06-20 10:09:00.0,AXISBANK,849.45,372.0
2025-06-20 10:09:01.0,AXISBANK,918.63,423.0
2025-06-20 10:09:02.0,AXISBANK,914.15,524.0
2025-06-20 10:09:03.0,AXISBANK,813.35,152.0
2025-06-20 10:09:04.0,AXISBANK,985.56,274.0
2025-06-20 10:09:05.0,AXISBANK,943.78,983.0
2025-06-20 10:09:06.0,AXISBANK,882.12,466.0
2025-06-20 10:09:07.0,AXISBANK,915.32,130.0
2025-06-20 10:09:08.0,AXISBANK,994.78,243.0
2025-06-20 10:09:09.0,AXISBANK,925.67,268.0
2025-06-20 10:09:10.0,AXISBANK,803.61,463.0
2025-06-20 10:09:11.0,AXISBANK,823.6,545.0
2025-06-20 10:09:12.0,AXISBANK,936.87,951.0
2025-06-20 10:09:13.0,AXISBANK,944.74,586.0
2025-06-20 10:09:14.0,AXISBANK,920.6,258.0
2025-06-20 10:09:15.0,AXISBANK,975.36,815.0
2025-06-20 10:09:16.0,AXISBANK,965.48,927.0
2025-06-20 10:09:17.0,AXISBANK,809.96,573.0
2025-06-20 10:09:18.0,AXISBANK,916.69,727.0
2025-06-20 10:09:19.0,AXISBANK,985.64,180.0
2025-06-20 10:09:20.0,AXISBANK,897.98,751.0
2025-06-20 10:09:21.0,AXISBANK,826.6,481.0
2025-06-20 10:09:22.0,AXISBANK,934.27,174.0
2025-06-20 10:09:23.0,AXISBANK,966.08,333.0
2025-06-20 10:09:24.0,AXISBANK,866.57,791.0
2025-06-20 10:09:25.0,AXISBANK,809.47,404.0
2025-06-20 10:09:26.0,AXISBANK,821.97,668.0
2025-06-20 10:09:27.0,AXISBANK,856.09,388.0
2025-06-20 10:09:28.0,AXISBANK,829.06,442.0
2025-06-20 10:09:29.0,AXISBANK,841.76,561.0
2025-06-20 10:09:30.0,AXISBANK,859.32,718.0
2025-06-20 10:09:31.0,AXISBANK,943.38,277.0
2025-06-20 10:09:32.0,AXISBANK,898.32,652.0
2025-06-20 10:09:33.0,AXISBANK,886.76,135.0
2025-06-20 10:09:34.0,AXISBANK,911.26,950.0
2025-06-20 10:09:35.0,AXISBANK,863.73,281.0
2025-06-20 10:09:36.0,AXISBANK,974.71,447.0
2025-06-20 10:09:37.0,AXISBANK,929.41,396.0
2025-06-20 10:09:38.0,AXISBANK,866.85,491.0
2025-06-20 10:09:39.0,AXISBANK,944.62,217.0
2025-06-20 10:09:40.0,AXISBANK,803.27,624.0
2025-06-20 10:09:41.0,AXISBANK,817.12,848.0
2025-06-20 10:09:42.0,AXISBANK,979.93,709.0
2025-06-20 10:09:43.0,AXISBANK,961.62,855.0
2025-06-20 10:09:44.0,AXISBANK,983.27,492.0
2025-06-20 10:09:45.0,AXISBANK,881.75,329.0
2025-06-20 10:09:46.0,AXISBANK,972.25,934.0
2025-06-20 10:09:47.0,AXISBANK,955.22,353.0
2025-06-20 10:09:48.0,AXISBANK,889.66,734.0
2025-06-20 10:09:49.0,AXISBANK,910.23,153.0
2025-06-20 10:09:50.0,AXISBANK,970.08,347.0
2025-06-20 10:09:51.0,AXISBANK,998.25,183.0
2025-06-20 10:09:52.0,AXISBANK,934.26,836.0
2025-06-20 10:09:53.0,AXISBANK,879.19,211.0
2025-06-20 10:09:54.0,AXISBANK,937.69,982.0
2025-06-20 10:09:55.0,AXISBANK,896.82,600.0
2025-06-20 10:09:56.0,AXISBANK,879.16,197.0
2025-06-20 10:09:57.0,AXISBANK,935.72,134.0
2025-06-20 10:09:58.0,AXISBANK,823.67,961.0
2025-06-20 10:09:59.0,AXISBANK,986.36,367.0
2025-06-20 10:10:00.0,AXISBANK,997.62,661.0
2025-06-20 10:10:01.0,AXISBANK,855.77,901.0
2025-06-20 10:10:02.0,AXISBANK,857.89,918.0
2025-06-20 10:10:03.0,AXISBANK,966.65,191.0
2025-06-20 10:10:04.0,AXISBANK,872.65,713.0
2025-06-20 10:10:05.0,AXISBANK,962.89,428.0
2025-06-20 10:10:06.0,AXISBANK,889.59,166.0
2025-06-20 10:10:07.0,AXISBANK,822.83,751.0
2025-06-20 10:10:08.0,AXISBANK,836.08,676.0
2025-06-20 10:10:09.0,AXISBANK,950.82,384.0
2025-06-20 10:10:10.0,AXISBANK,990.3,490.0
2025-06-20 10:10:11.0,AXISBANK,835.72,517.0
2025-06-20 10:10:12.0,AXISBANK,813.12,890.0
2025-06-20 10:10:13.0,AXISBANK,887.04,194.0
2025-06-20 10:10:14.0,AXISBANK,873.91,496.0
2025-06-20 10:10:15.0,AXISBANK,933.73,750.0
2025-06-20 10:10:16.0,AXISBANK,873.9,531.0
2025-06-20 10:10:17.0,AXISBANK,911.13,564.0
2025-06-20 10:10:18.0,AXISBANK,810.28,378.0
2025-06-20 10:10:19.0,AXISBANK,921.43,833.0
2025-06-20 10:10:20.0,AXISBANK,917.47,871.0
2025-06-20 10:10:21.0,AXISBANK,978.92,719.0
2025-06-20 10:10:22.0,AXISBANK,908.9,931.0
2025-06-20 10:10:23.0,AXISBANK,913.04,860.0
2025-06-20 10:10:24.0,AXISBANK,925.26,380.0
2025-06-20 10:10:25.0,AXISBANK,938.99,780.0
2025-06-20 10:10:26.0,AXISBANK,834.32,767.0
2025-06-20 10:10:27.0,AXISBANK,933.96,499.0
2025-06-20 10:10:28.0,AXISBANK,958.77,233.0
2025-06-20 10:10:29.0,AXISBANK,999.33,910.0
2025-06-20 10:10:30.0,AXISBANK,818.96,486.0
2025-06-20 10:10:31.0,AXISBANK,840.12,785.0
2025-06-20 10:10:32.0,AXISBANK,990.62,756.0
2025-06-20 10:10:33.0,AXISBANK,913.02,412.0
2025-06-20 10:10:34.0,AXISBANK,938.87,458.0
2025-06-20 10:10:35.0,AXISBANK,983.66,898.0
2025-06-20 10:10:36.0,AXISBANK,901.94,603.0
2025-06-20 10:10:37.0,AXISBANK,951.39,872.0
2025-06-20 10:10:38.0,AXISBANK,987.43,883.0
2025-06-20 10:10:39.0,AXISBANK,874.09,739.0
2025-06-20 10:10:40.0,AXISBANK,972.53,563.0
2025-06-20 10:10:41.0,AXISBANK,920.87,667.0
2025-06-20 10:10:42.0,AXISBANK,984.09,824.0
2025-06-20 10:10:43.0,AXISBANK,805.1,839.0
2025-06-20 10:10:44.0,AXISBANK,970.66,878.0
2025-06-20 10:10:45.0,AXISBANK,892.23,948.0
2025-06-20 10:10:46.0,AXISBANK,866.95,648.0
2025-06-20 10:10:47.0,AXISBANK,964.84,750.0
2025-06-20 10:10:48.0,AXISBANK,838.26,325.0
2025-06-20 10:10:49.0,AXISBANK,908.91,234.0
2025-06-20 10:10:50.0,AXISBANK,863.23,338.0
2025-06-20 10:10:51.0,AXISBANK,972.44,738.0
2025-06-20 10:10:52.0,AXISBANK,805.07,502.0
2025-06-20 10:10:53.0,AXISBANK,918.42,407.0
2025-06-20 10:10:54.0,AXISBANK,837.65,922.0
2025-06-20 10:10:55.0,AXISBANK,869.74,521.0
2025-06-20 10:10:56.0,AXISBANK,957.53,956.0
2025-06-20 10:10:57.0,AXISBANK,933.88,902.0
2025-06-20 10:10:58.0,AXISBANK,969.0,875.0
2025-06-20 10:10:59.0,AXISBANK,966.0,582.0
2025-06-20 10:11:00.0,AXISBANK,999.9,707.0
2025-06-20 10:11:01.0,AXISBANK,867.47,340.0
2025-06-20 10:11:02.0,AXISBANK,905.83,207.0
2025-06-20 10:11:03.0,AXISBANK,802.67,204.0
2025-06-20 10:11:04.0,AXISBANK,997.97,698.0
2025-06-20 10:11:05.0,AXISBANK,940.63,562.0
2025-06-20 10:11:06.0,AXISBANK,873.25,918.0
2025-06-20 10:11:07.0,AXISBANK,985.84,500.0
2025-06-20 10:11:08.0,AXISBANK,935.63,662.0
2025-06-20 10:11:09.0,AXISBANK,814.83,563.0
2025-06-20 10:11:10.0,AXISBANK,859.22,275.0
2025-06-20 10:11:11.0,AXISBANK,987.84,123.0
2025-06-20 10:11:12.0,AXISBANK,958.79,737.0
2025-06-20 10:11:13.0,AXISBANK,874.46,720.0
2025-06-20 10:11:14.0,AXISBANK,837.6,115.0
2025-06-20 10:11:15.0,AXISBANK,936.83,131.0
2025-06-20 10:11:16.0,AXISBANK,937.42,851.0
2025-06-20 10:11:17.0,AXISBANK,880.28,232.0
2025-06-20 10:11:18.0,AXISBANK,937.55,803.0
2025-06-20 10:11:19.0,AXISBANK,845.25,168.0
2025-06-20 10:11:20.0,AXISBANK,857.01,781.0
2025-06-20 10:11:21.0,AXISBANK,808.82,944.0
2025-06-20 10:11:22.0,AXISBANK,879.4,310.0
2025-06-20 10:11:23.0,AXISBANK,901.53,197.0
2025-06-20 10:11:24.0,AXISBANK,931.12,127.0
2025-06-20 10:11:25.0,AXISBANK,903.92,522.0
2025-06-20 10:11:26.0,AXISBANK,979.92,678.0
2025-06-20 10:11:27.0,AXISBANK,824.44,803.0
2025-06-20 10:11:28.0,AXISBANK,890.97,554.0
2025-06-20 10:11:29.0,AXISBANK,868.13,589.0
2025-06-20 10:11:30.0,AXISBANK,997.76,581.0
2025-06-20 10:11:31.0,AXISBANK,845.03,370.0
2025-06-20 10:11:32.0,AXISBANK,962.74,401.0
2025-06-20 10:11:33.0,AXISBANK,837.47,733.0
2025-06-20 10:11:34.0,AXISBANK,968.29,277.0
2025-06-20 10:11:35.0,AXISBANK,803.89,917.0
2025-06-20 10:11:36.0,AXISBANK,853.76,170.0
2025-06-20 10:11:37.0,AXISBANK,883.8,475.0
2025-06-20 10:11:38.0,AXISBANK,910.62,943.0
2025-06-20 10:11:39.0,AXISBANK,837.77,630.0
2025-06-20 10:11:40.0,AXISBANK,838.63,539.0
2025-06-20 10:11:41.0,AXISBANK,902.17,636.0
2025-06-20 10:11:42.0,AXISBANK,801.49,692.0
2025-06-20 10:11:43.0,AXISBANK,982.26,885.0
2025-06-20 10:11:44.0,AXISBANK,875.88,186.0
2025-06-20 10:11:45.0,AXISBANK,830.83,740.0
2025-06-20 10:11:46.0,AXISBANK,900.84,967.0
2025-06-20 10:11:47.0,AXISBANK,981.01,997.0
2025-06-20 10:11:48.0,AXISBANK,846.87,749.0
2025-06-20 10:11:49.0,AXISBANK,926.15,378.0
2025-06-20 10:11:50.0,AXISBANK,924.83,936.0
2025-06-20 10:11:51.0,AXISBANK,815.29,736.0
2025-06-20 10:11:52.0,AXISBANK,927.47,149.0
2025-06-20 10:11:53.0,AXISBANK,978.39,872.0
2025-06-20 10:11:54.0,AXISBANK,913.07,359.0
2025-06-20 10:11:55.0,AXISBANK,810.07,957.0
2025-06-20 10:11:56.0,AXISBANK,841.1,773.0
2025-06-20 10:11:57.0,AXISBANK,829.31,914.0
2025-06-20 10:11:58.0,AXISBANK,869.96,588.0
2025-06-20 10:11:59.0,AXISBANK,853.83,690.0
2025-06-20 10:12:00.0,AXISBANK,894.29,760.0
2025-06-20 10:12:01.0,AXISBANK,930.32,166.0
2025-06-20 10:12:02.0,AXISBANK,857.62,326.0
2025-06-20 10:12:03.0,AXISBANK,991.92,344.0
2025-06-20 10:12:04.0,AXISBANK,835.39,668.0
2025-06-20 10:12:05.0,AXISBANK,894.38,508.0
2025-06-20 10:12:06.0,AXISBANK,891.62,976.0
2025-06-20 10:12:07.0,AXISBANK,824.77,976.0
2025-06-20 10:12:08.0,AXISBANK,997.39,127.0
2025-06-20 10:12:09.0,AXISBANK,837.67,958.0
2025-06-20 10:12:10.0,AXISBANK,804.97,294.0
2025-06-20 10:12:11.0,AXISBANK,935.4,510.0
2025-06-20 10:12:12.0,AXISBANK,931.73,683.0
2025-06-20 10:12:13.0,AXISBANK,836.69,146.0
2025-06-20 10:12:14.0,AXISBANK,924.96,108.0
2025-06-20 10:12:15.0,AXISBANK,903.32,764.0
2025-06-20 10:12:16.0,AXISBANK,966.03,612.0
2025-06-20 10:12:17.0,AXISBANK,839.72,162.0
2025-06-20 10:12:18.0,AXISBANK,936.04,157.0
2025-06-20 10:12:19.0,AXISBANK,899.51,585.0
2025-06-20 10:12:20.0,AXISBANK,860.46,929.0
2025-06-20 10:12:21.0,AXISBANK,827.53,900.0
2025-06-20 10:12:22.0,AXISBANK,906.11,764.0
2025-06-20 10:12:23.0,AXISBANK,867.58,961.0
2025-06-20 10:12:24.0,AXISBANK,816.46,940.0
2025-06-20 10:12:25.0,AXISBANK,890.58,388.0
2025-06-20 10:12:26.0,AXISBANK,975.28,175.0
2025-06-20 10:12:27.0,AXISBANK,943.59,600.0
2025-06-20 10:12:28.0,AXISBANK,883.71,649.0
2025-06-20 10:12:29.0,AXISBANK,978.36,531.0
2025-06-20 10:12:30.0,AXISBANK,879.89,210.0
2025-06-20 10:12:31.0,AXISBANK,807.36,653.0
2025-06-20 10:12:32.0,AXISBANK,850.83,947.0
2025-06-20 10:12:33.0,AXISBANK,926.13,479.0
2025-06-20 10:12:34.0,AXISBANK,945.24,124.0
2025-06-20 10:12:35.0,AXISBANK,836.94,706.0
2025-06-20 10:12:36.0,AXISBANK,953.61,188.0
2025-06-20 10:12:37.0,AXISBANK,960.24,870.0
2025-06-20 10:12:38.0,AXISBANK,867.21,727.0
2025-06-20 10:12:39.0,AXISBANK,802.29,934.0
2025-06-20 10:12:40.0,AXISBANK,952.36,640.0
2025-06-20 10:12:41.0,AXISBANK,846.77,879.0
2025-06-20 10:12:42.0,AXISBANK,861.58,347.0
2025-06-20 10:12:43.0,AXISBANK,831.69,796.0
2025-06-20 10:12:44.0,AXISBANK,802.11,637.0
2025-06-20 10:12:45.0,AXISBANK,868.67,448.0
2025-06-20 10:12:46.0,AXISBANK,823.78,576.0
2025-06-20 10:12:47.0,AXISBANK,842.42,964.0
2025-06-20 10:12:48.0,AXISBANK,996.13,121.0
2025-06-20 10:12:49.0,AXISBANK,865.61,520.0
2025-06-20 10:12:50.0,AXISBANK,981.43,717.0
2025-06-20 10:12:51.0,AXISBANK,918.16,195.0
2025-06-20 10:12:52.0,AXISBANK,944.5,943.0
2025-06-20 10:12:53.0,AXISBANK,945.39,969.0
2025-06-20 10:12:54.0,AXISBANK,855.55,519.0
2025-06-20 10:12:55.0,AXISBANK,810.58,842.0
2025-06-20 10:12:56.0,AXISBANK,829.6,949.0
2025-06-20 10:12:57.0,AXISBANK,863.98,203.0
2025-06-20 10:12:58.0,AXISBANK,865.67,811.0
2025-06-20 10:12:59.0,AXISBANK,879.46,321.0
2025-06-20 10:13:00.0,AXISBANK,992.86,603.0
2025-06-20 10:13:01.0,AXISBANK,844.2,415.0
2025-06-20 10:13:02.0,AXISBANK,998.93,935.0
2025-06-20 10:13:03.0,AXISBANK,884.84,991.0
2025-06-20 10:13:04.0,AXISBANK,959.99,952.0
2025-06-20 10:13:05.0,AXISBANK,800.5,392.0
2025-06-20 10:13:06.0,AXISBANK,858.23,797.0
2025-06-20 10:13:07.0,AXISBANK,994.82,237.0
2025-06-20 10:13:08.0,AXISBANK,831.06,512.0
2025-06-20 10:13:09.0,AXISBANK,951.44,337.0
2025-06-20 10:13:10.0,AXISBANK,981.11,394.0
2025-06-20 10:13:11.0,AXISBANK,921.71,415.0
2025-06-20 10:13:12.0,AXISBANK,843.44,129.0
2025-06-20 10:13:13.0,AXISBANK,931.85,291.0
2025-06-20 10:13:14.0,AXISBANK,856.87,187.0
2025-06-20 10:13:15.0,AXISBANK,901.46,618.0
2025-06-20 10:13:16.0,AXISBANK,968.05,843.0
2025-06-20 10:13:17.0,AXISBANK,997.8,716.0
2025-06-20 10:13:18.0,AXISBANK,938.75,552.0
2025-06-20 10:13:19.0,AXISBANK,928.39,347.0
2025-06-20 10:13:20.0,AXISBANK,993.71,365.0
2025-06-20 10:13:21.0,AXISBANK,987.3,312.0
2025-06-20 10:13:22.0,AXISBANK,865.63,336.0
2025-06-20 10:13:23.0,AXISBANK,906.73,652.0
2025-06-20 10:13:24.0,AXISBANK,979.1,883.0
2025-06-20 10:13:25.0,AXISBANK,986.85,885.0
2025-06-20 10:13:26.0,AXISBANK,866.54,412.0
2025-06-20 10:13:27.0,AXISBANK,831.08,992.0
2025-06-20 10:13:28.0,AXISBANK,935.3,222.0
2025-06-20 10:13:29.0,AXISBANK,849.39,521.0
2025-06-20 10:13:30.0,AXISBANK,977.59,528.0
2025-06-20 10:13:31.0,AXISBANK,884.07,537.0
2025-06-20 10:13:32.0,AXISBANK,924.1,586.0
2025-06-20 10:13:33.0,AXISBANK,862.73,849.0
2025-06-20 10:13:34.0,AXISBANK,890.22,351.0
2025-06-20 10:13:35.0,AXISBANK,859.92,609.0
2025-06-20 10:13:36.0,AXISBANK,928.32,810.0
2025-06-20 10:13:37.0,AXISBANK,827.16,774.0
2025-06-20 10:13:38.0,AXISBANK,856.59,919.0
2025-06-20 10:13:39.0,AXISBANK,849.37,660.0
2025-06-20 10:13:40.0,AXISBANK,992.69,112.0
2025-06-20 10:13:41.0,AXISBANK,971.44,963.0
2025-06-20 10:13:42.0,AXISBANK,848.5,902.0
2025-06-20 10:13:43.0,AXISBANK,896.73,581.0
2025-06-20 10:13:44.0,AXISBANK,937.54,205.0
2025-06-20 10:13:45.0,AXISBANK,815.81,327.0
2025-06-20 10:13:46.0,AXISBANK,944.39,592.0
2025-06-20 10:13:47.0,AXISBANK,991.75,435.0
2025-06-20 10:13:48.0,AXISBANK,940.84,607.0
2025-06-20 10:13:49.0,AXISBANK,944.22,958.0
2025-06-20 10:13:50.0,AXISBANK,956.33,906.0
2025-06-20 10:13:51.0,AXISBANK,949.69,611.0
2025-06-20 10:13:52.0,AXISBANK,830.43,302.0
2025-06-20 10:13:53.0,AXISBANK,843.13,775.0
2025-06-20 10:13:54.0,AXISBANK,976.63,755.0
2025-06-20 10:13:55.0,AXISBANK,918.46,647.0
2025-06-20 10:13:56.0,AXISBANK,822.86,795.0
2025-06-20 10:13:57.0,AXISBANK,925.15,877.0
2025-06-20 10:13:58.0,AXISBANK,870.26,140.0
2025-06-20 10:13:59.0,AXISBANK,890.03,637.0
2025-06-20 10:14:00.0,AXISBANK,813.47,285.0
2025-06-20 10:14:01.0,AXISBANK,871.15,396.0
2025-06-20 10:14:02.0,AXISBANK,999.01,927.0
2025-06-20 10:14:03.0,AXISBANK,827.5,462.0
2025-06-20 10:14:04.0,AXISBANK,809.73,464.0
2025-06-20 10:14:05.0,AXISBANK,897.4,575.0
2025-06-20 10:14:06.0,AXISBANK,834.64,526.0
2025-06-20 10:14:07.0,AXISBANK,975.2,360.0
2025-06-20 10:14:08.0,AXISBANK,953.62,232.0
2025-06-20 10:14:09.0,AXISBANK,855.23,830.0
2025-06-20 10:14:10.0,AXISBANK,898.73,284.0
2025-06-20 10:14:11.0,AXISBANK,869.06,648.0
2025-06-20 10:14:12.0,AXISBANK,922.52,121.0
2025-06-20 10:14:13.0,AXISBANK,893.24,115.0
2025-06-20 10:14:14.0,AXISBANK,945.11,873.0
2025-06-20 10:14:15.0,AXISBANK,873.69,686.0
2025-06-20 10:14:16.0,AXISBANK,952.6,236.0
2025-06-20 10:14:17.0,AXISBANK,813.39,600.0
2025-06-20 10:14:18.0,AXISBANK,869.91,796.0
2025-06-20 10:14:19.0,AXISBANK,960.51,497.0
2025-06-20 10:14:20.0,AXISBANK,918.2,429.0
2025-06-20 10:14:21.0,AXISBANK,856.46,770.0
2025-06-20 10:14:22.0,AXISBANK,979.18,141.0
2025-06-20 10:14:23.0,AXISBANK,979.27,996.0
2025-06-20 10:14:24.0,AXISBANK,912.24,739.0
2025-06-20 10:14:25.0,AXISBANK,813.13,766.0
2025-06-20 10:14:26.0,AXISBANK,840.28,131.0
2025-06-20 10:14:27.0,AXISBANK,809.24,897.0
2025-06-20 10:14:28.0,AXISBANK,929.63,231.0
2025-06-20 10:14:29.0,AXISBANK,938.73,172.0
2025-06-20 10:14:30.0,AXISBANK,854.75,568.0
2025-06-20 10:14:31.0,AXISBANK,974.95,520.0
2025-06-20 10:14:32.0,AXISBANK,967.1,251.0
2025-06-20 10:14:33.0,AXISBANK,885.9,835.0
2025-06-20 10:14:34.0,AXISBANK,979.35,855.0
2025-06-20 10:14:35.0,AXISBANK,849.61,948.0
2025-06-20 10:14:36.0,AXISBANK,975.97,447.0
2025-06-20 10:14:37.0,AXISBANK,991.61,583.0
2025-06-20 10:14:38.0,AXISBANK,930.75,167.0
2025-06-20 10:14:39.0,AXISBANK,935.73,737.0
2025-06-20 10:14:40.0,AXISBANK,859.76,413.0
2025-06-20 10:14:41.0,AXISBANK,984.36,890.0
2025-06-20 10:14:42.0,AXISBANK,887.36,567.0
2025-06-20 10:14:43.0,AXISBANK,938.98,793.0
2025-06-20 10:14:44.0,AXISBANK,988.63,203.0
2025-06-20 10:14:45.0,AXISBANK,975.81,354.0
2025-06-20 10:14:46.0,AXISBANK,984.77,129.0
2025-06-20 10:14:47.0,AXISBANK,979.04,676.0
2025-06-20 10:14:48.0,AXISBANK,978.95,173.0
2025-06-20 10:14:49.0,AXISBANK,838.61,997.0
2025-06-20 10:14:50.0,AXISBANK,957.29,942.0
2025-06-20 10:14:51.0,AXISBANK,822.12,688.0
2025-06-20 10:14:52.0,AXISBANK,962.09,749.0
2025-06-20 10:14:53.0,AXISBANK,917.2,627.0
2025-06-20 10:14:54.0,AXISBANK,887.35,572.0
2025-06-20 10:14:55.0,AXISBANK,960.3,821.0
2025-06-20 10:14:56.0,AXISBANK,834.52,258.0
2025-06-20 10:14:57.0,AXISBANK,999.79,301.0
2025-06-20 10:14:58.0,AXISBANK,959.12,428.0
2025-06-20 10:14:59.0,AXISBANK,931.88,316.0
2025-06-20 10:15:00.0,AXISBANK,914.19,223.0
2025-06-20 10:15:01.0,AXISBANK,916.84,300.0
2025-06-20 10:15:02.0,AXISBANK,824.64,541.0
2025-06-20 10:15:03.0,AXISBANK,847.62,750.0
2025-06-20 10:15:04.0,AXISBANK,943.04,712.0
2025-06-20 10:15:05.0,AXISBANK,998.1,434.0
2025-06-20 10:15:06.0,AXISBANK,864.39,627.0
2025-06-20 10:15:07.0,AXISBANK,813.39,864.0
2025-06-20 10:15:08.0,AXISBANK,827.6,734.0
2025-06-20 10:15:09.0,AXISBANK,837.97,608.0
2025-06-20 10:15:10.0,AXISBANK,894.62,435.0
2025-06-20 10:15:11.0,AXISBANK,810.72,661.0
2025-06-20 10:15:12.0,AXISBANK,828.66,721.0
2025-06-20 10:15:13.0,AXISBANK,967.45,572.0
2025-06-20 10:15:14.0,AXISBANK,900.53,774.0
2025-06-20 10:15:15.0,AXISBANK,984.5,345.0
2025-06-20 10:15:16.0,AXISBANK,844.66,381.0
2025-06-20 10:15:17.0,AXISBANK,984.53,985.0
2025-06-20 10:15:18.0,AXISBANK,919.06,236.0
2025-06-20 10:15:19.0,AXISBANK,872.37,602.0
2025-06-20 10:15:20.0,AXISBANK,948.8,701.0
2025-06-20 10:15:21.0,AXISBANK,927.87,746.0
2025-06-20 10:15:22.0,AXISBANK,896.06,375.0
2025-06-20 10:15:23.0,AXISBANK,999.12,208.0
2025-06-20 10:15:24.0,AXISBANK,847.55,848.0
2025-06-20 10:15:25.0,AXISBANK,825.84,999.0
2025-06-20 10:15:26.0,AXISBANK,938.53,304.0
2025-06-20 10:15:27.0,AXISBANK,932.81,877.0
2025-06-20 10:15:28.0,AXISBANK,879.09,677.0
2025-06-20 10:15:29.0,AXISBANK,962.53,818.0
2025-06-20 10:15:30.0,AXISBANK,814.24,146.0
2025-06-20 10:15:31.0,AXISBANK,883.74,352.0
2025-06-20 10:15:32.0,AXISBANK,953.21,840.0
2025-06-20 10:15:33.0,AXISBANK,928.04,257.0
2025-06-20 10:15:34.0,AXISBANK,933.85,946.0
2025-06-20 10:15:35.0,AXISBANK,863.03,971.0
2025-06-20 10:15:36.0,AXISBANK,949.71,325.0
2025-06-20 10:15:37.0,AXISBANK,813.28,860.0
2025-06-20 10:15:38.0,AXISBANK,879.03,774.0
2025-06-20 10:15:39.0,AXISBANK,893.56,433.0
2025-06-20 10:15:40.0,AXISBANK,889.78,209.0
2025-06-20 10:15:41.0,AXISBANK,919.57,228.0
2025-06-20 10:15:42.0,AXISBANK,976.23,986.0
2025-06-20 10:15:43.0,AXISBANK,921.3,298.0
2025-06-20 10:15:44.0,AXISBANK,836.78,713.0
2025-06-20 10:15:45.0,AXISBANK,811.26,499.0
2025-06-20 10:15:46.0,AXISBANK,892.34,346.0
2025-06-20 10:15:47.0,AXISBANK,954.19,380.0
2025-06-20 10:15:48.0,AXISBANK,887.01,316.0
2025-06-20 10:15:49.0,AXISBANK,853.58,838.0
2025-06-20 10:15:50.0,AXISBANK,806.39,757.0
2025-06-20 10:15:51.0,AXISBANK,817.89,568.0
2025-06-20 10:15:52.0,AXISBANK,810.69,947.0
2025-06-20 10:15:53.0,AXISBANK,885.49,527.0
2025-06-20 10:15:54.0,AXISBANK,953.17,138.0
2025-06-20 10:15:55.0,AXISBANK,967.06,576.0
2025-06-20 10:15:56.0,AXISBANK,818.84,307.0
2025-06-20 10:15:57.0,AXISBANK,949.35,912.0
2025-06-20 10:15:58.0,AXISBANK,974.93,430.0
2025-06-20 10:15:59.0,AXISBANK,850.6,873.0
2025-06-20 10:16:00.0,AXISBANK,916.69,366.0
2025-06-20 10:16:01.0,AXISBANK,903.16,306.0
2025-06-20 10:16:02.0,AXISBANK,961.79,940.0
2025-06-20 10:16:03.0,AXISBANK,951.06,602.0
2025-06-20 10:16:04.0,AXISBANK,943.56,280.0
2025-06-20 10:16:05.0,AXISBANK,810.9,446.0
2025-06-20 10:16:06.0,AXISBANK,830.85,901.0
2025-06-20 10:16:07.0,AXISBANK,838.03,864.0
2025-06-20 10:16:08.0,AXISBANK,977.98,604.0
2025-06-20 10:16:09.0,AXISBANK,907.45,281.0
2025-06-20 10:16:10.0,AXISBANK,834.6,542.0
2025-06-20 10:16:11.0,AXISBANK,814.48,141.0
2025-06-20 10:16:12.0,AXISBANK,857.99,138.0
2025-06-20 10:16:13.0,AXISBANK,920.68,417.0
2025-06-20 10:16:14.0,AXISBANK,830.99,516.0
2025-06-20 10:16:15.0,AXISBANK,930.96,519.0
2025-06-20 10:16:16.0,AXISBANK,928.63,223.0
2025-06-20 10:16:17.0,AXISBANK,803.25,360.0
2025-06-20 10:16:18.0,AXISBANK,873.09,669.0
2025-06-20 10:16:19.0,AXISBANK,892.04,695.0
2025-06-20 10:16:20.0,AXISBANK,834.83,994.0
2025-06-20 10:16:21.0,AXISBANK,997.89,846.0
2025-06-20 10:16:22.0,AXISBANK,867.52,877.0
2025-06-20 10:16:23.0,AXISBANK,953.91,589.0
2025-06-20 10:16:24.0,AXISBANK,831.06,831.0
2025-06-20 10:16:25.0,AXISBANK,820.39,793.0
2025-06-20 10:16:26.0,AXISBANK,857.18,341.0
2025-06-20 10:16:27.0,AXISBANK,840.47,309.0
2025-06-20 10:16:28.0,AXISBANK,963.0,997.0
2025-06-20 10:16:29.0,AXISBANK,896.89,228.0
2025-06-20 10:16:30.0,AXISBANK,800.52,800.0
2025-06-20 10:16:31.0,AXISBANK,891.82,625.0
2025-06-20 10:16:32.0,AXISBANK,883.06,325.0
2025-06-20 10:16:33.0,AXISBANK,813.68,717.0
2025-06-20 10:16:34.0,AXISBANK,968.42,100.0
2025-06-20 10:16:35.0,AXISBANK,840.67,659.0
2025-06-20 10:16:36.0,AXISBANK,802.41,699.0
2025-06-20 10:16:37.0,AXISBANK,980.6,306.0
2025-06-20 10:16:38.0,AXISBANK,867.57,691.0
2025-06-20 10:16:39.0,AXISBANK,868.43,588.0
